personId,name,dob,nationality,occupation,isPEP
P0001,Allison Hill,1958-12-11,CN,"Civil engineer, consulting",False
P0002,Stephanie Miller,1970-11-13,IN,Air traffic controller,False
P0003,David Guzman,1979-03-24,AE,Sports administrator,False
P0004,Jerry Ramirez,1997-09-16,UK,"Designer, jewellery",False
P0005,Gina Moore,2002-12-26,NG,Legal secretary,False
P0006,James Howard,1966-03-10,KY,"Geneticist, molecular",True
P0007,Monica Herrera,2003-12-09,UK,Multimedia specialist,False
P0008,Edward Fuller,1998-09-05,NG,Medical illustrator,False
P0009,Michele Williams,1959-03-24,NG,Horticultural consultant,False
P0010,Dr. Sharon James,1972-10-03,CN,Medical sales representative,False
P0011,Henry Santiago,1987-08-30,KY,Building surveyor,False
P0012,Carolyn Daniel,1955-05-10,RU,Museum education officer,False
P0013,Timothy Watts,1958-09-23,US,"Journalist, broadcasting",False
P0014,Patty Perez,1947-06-24,DE,Interpreter,False
P0015,Austin Gentry,1979-08-01,CH,International aid/development worker,False
P0016,Jonathan Wilkerson,1984-02-15,AE,Customer service manager,False
P0017,David Hoffman,1961-04-25,CH,Television/film/video producer,False
P0018,Kevin Cox,2005-05-23,KY,Corporate investment banker,False
P0019,Ann Williams,1952-02-17,CH,"Designer, jewellery",False
P0020,Jennifer Brown,1968-06-13,US,Psychotherapist,False
P0021,Tricia Valencia,1946-03-29,NG,Colour technologist,False
P0022,Kimberly Adams,1984-01-04,KY,Clinical research associate,False
P0023,Christopher Smith,1988-11-16,SG,General practice doctor,False
P0024,Pamela Romero,1951-12-08,RU,Hydrogeologist,False
P0025,Katie Gonzalez,1967-12-27,CH,"Designer, television/film set",False
P0026,Paula Moreno,1945-08-02,IN,Jewellery designer,False
P0027,Brian Cox DVM,1993-12-16,CN,Film/video editor,False
P0028,Shawn Arroyo,1950-09-10,SG,"Radiographer, diagnostic",False
P0029,Vanessa Patel,1953-02-05,AE,Public relations officer,False
P0030,Carmen Rose,1981-12-12,KY,"Engineer, mining",False
P0031,Nicole Vaughn,1988-04-30,CN,Oceanographer,False
P0032,Marie Kim DDS,1952-10-23,DE,Equality and diversity officer,False
P0033,Alex Spencer,1980-11-09,AE,Actor,False
P0034,Mark Perez,1999-11-17,IN,Lawyer,False
P0035,David Caldwell,1958-05-28,CN,Consulting civil engineer,False
P0036,Sonya Johnston,1960-02-18,CN,Public librarian,False
P0037,Cheryl Davis,1971-06-01,IN,Pharmacologist,False
P0038,Scott Brown,1984-10-04,PA,Chief Technology Officer,False
P0039,Nicholas Mcbride,1952-02-09,CN,"Engineer, agricultural",False
P0040,Jerry Henderson,1962-04-07,AE,Fisheries officer,False
P0041,Angela Morton,1996-11-28,US,Chief Technology Officer,False
P0042,Zachary Huff,2003-09-10,US,Fast food restaurant manager,False
P0043,John Lewis,1969-08-12,KY,Barrister's clerk,False
P0044,Aaron Myers,2001-02-21,AE,"Programme researcher, broadcasting/film/video",False
P0045,Michael Cross,1992-07-21,RU,"Radiographer, therapeutic",False
P0046,Edward Novak,1980-04-20,CH,Special effects artist,False
P0047,Erik Williams,1974-02-27,PA,Set designer,False
P0048,Tyler Miller,1956-09-13,CN,"Therapist, nutritional",False
P0049,Scott Powell,2002-01-18,SG,"Teacher, early years/pre",False
P0050,Kristopher Harvey,1970-09-15,IN,Television production assistant,False
P0051,Emily Green,1985-09-26,SG,Interior and spatial designer,False
P0052,James Powers,1963-07-21,KY,Interpreter,False
P0053,Taylor Smith,1982-10-27,KY,"Surveyor, quantity",False
P0054,Angel Lewis MD,2001-07-19,DE,Broadcast presenter,False
P0055,Jaclyn Moore,1995-07-30,UK,Immigration officer,False
P0056,Victoria Valdez,1946-01-08,UK,"Surveyor, building",False
P0057,Matthew Mcmillan,1953-08-10,DE,Commercial art gallery manager,False
P0058,Natalie Moore,1962-06-16,KY,"Engineer, materials",False
P0059,Christina Walters,1961-05-23,KY,Records manager,False
P0060,Terry Williams,1983-08-11,PA,Health and safety inspector,False
