transactionId,sourceAccount,targetAccount,amount,currency,timestamp,transactionType,channel,isSuspicious,pattern
T000001,A00040,A00072,1519.18,USD,2025-06-18T22:53:00,TRANSFER,MOBILE,False,NORMAL
T000002,A00102,A00018,962.21,USD,2025-09-10T17:36:00,TRANSFER,BRANCH,False,NORMAL
T000003,A00037,A00090,3441.23,USD,2025-02-06T08:50:00,ACH,ONLINE,False,NORMAL
T000004,A00045,A00070,21791.48,USD,2025-01-05T10:00:00,WIRE,ONLINE,True,PASS_THROUGH
T000005,A00064,A00037,2657.08,USD,2025-07-25T14:05:00,ACH,ONLINE,False,NORMAL
T000006,A00081,A00024,3249.76,USD,2025-02-02T01:18:00,ACH,BRANCH,False,NORMAL
T000007,A00098,A00040,3687.72,USD,2025-06-29T04:36:00,TRANSFER,ONLINE,False,NORMAL
T000008,A00083,A00072,124.49,USD,2025-05-17T08:44:00,TRANSFER,ONLINE,False,NORMAL
T000009,A00013,A00068,3678.23,USD,2025-04-28T18:30:00,TRANSFER,MOBILE,False,NORMAL
T000010,A00059,A00033,2674.03,USD,2025-08-27T17:10:00,PAYMENT,MOBILE,False,NORMAL
T000011,A00013,A00105,9521.94,USD,2025-06-28T07:03:00,DEPOSIT,BRANCH,True,STRUCTURING
T000012,A00080,A00082,140.54,USD,2025-10-07T09:30:00,PAYMENT,MOBILE,False,NORMAL
T000013,A00057,A00068,2100.54,USD,2025-03-23T09:24:00,PAYMENT,BRANCH,False,NORMAL
T000014,A00044,A00092,355.63,USD,2025-03-30T22:28:00,TRANSFER,ONLINE,False,NORMAL
T000015,A00021,A00035,1808.29,USD,2025-09-20T02:58:00,TRANSFER,BRANCH,False,NORMAL
T000016,A00057,A00031,3424.69,USD,2025-02-20T17:57:00,ACH,BRANCH,False,NORMAL
T000017,A00077,A00101,1311.23,USD,2025-07-17T13:24:00,TRANSFER,BRANCH,False,NORMAL
T000018,A00088,A00075,2649.47,USD,2025-02-13T07:45:00,ACH,BRANCH,False,NORMAL
T000019,A00088,A00067,1391.17,USD,2025-10-10T05:49:00,ACH,MOBILE,False,NORMAL
T000020,A00011,A00015,3328.64,USD,2025-03-14T10:29:00,PAYMENT,BRANCH,False,NORMAL
T000021,A00090,A00075,49563.64,USD,2025-01-18T14:32:00,WIRE,ONLINE,True,LAYERING_RING
T000022,A00050,A00041,1455.59,USD,2025-02-16T14:23:00,TRANSFER,BRANCH,False,NORMAL
T000023,A00025,A00077,2042.8,USD,2025-03-11T13:21:00,TRANSFER,BRANCH,False,NORMAL
T000024,A00073,A00015,265.8,USD,2025-10-08T18:34:00,ACH,ONLINE,False,NORMAL
T000025,A00074,A00002,1060.98,USD,2025-07-04T01:42:00,ACH,ONLINE,False,NORMAL
T000026,A00086,A00011,2103.47,USD,2025-07-04T17:32:00,TRANSFER,MOBILE,False,NORMAL
T000027,A00105,A00094,2312.92,USD,2025-10-23T10:15:00,ACH,MOBILE,False,NORMAL
T000028,A00083,A00020,3635.48,USD,2025-03-14T05:50:00,TRANSFER,ONLINE,False,NORMAL
T000029,A00099,A00079,3820.34,USD,2025-07-23T20:17:00,PAYMENT,ONLINE,False,NORMAL
T000030,A00057,A00098,326.0,USD,2025-03-12T12:20:00,ACH,BRANCH,False,NORMAL
T000031,A00011,A00014,3080.44,USD,2025-07-01T19:02:00,TRANSFER,MOBILE,False,NORMAL
T000032,A00098,A00036,2304.92,USD,2025-08-08T19:43:00,ACH,MOBILE,False,NORMAL
T000033,A00099,A00003,977.85,USD,2025-02-04T01:28:00,TRANSFER,MOBILE,False,NORMAL
T000034,A00057,A00039,3443.46,USD,2025-08-08T19:03:00,PAYMENT,MOBILE,False,NORMAL
T000035,A00100,A00073,2392.97,USD,2025-01-27T19:03:00,TRANSFER,ONLINE,False,NORMAL
T000036,A00018,A00067,845.22,USD,2025-06-16T16:24:00,ACH,BRANCH,False,NORMAL
T000037,A00022,A00021,1304.19,USD,2025-04-26T09:54:00,PAYMENT,MOBILE,False,NORMAL
T000038,A00054,A00072,2129.37,USD,2025-07-18T06:21:00,TRANSFER,BRANCH,False,NORMAL
T000039,A00026,A00058,2376.97,USD,2025-07-19T06:13:00,TRANSFER,MOBILE,False,NORMAL
T000040,A00058,A00077,1927.35,USD,2025-07-25T22:26:00,ACH,MOBILE,False,NORMAL
T000041,A00094,A00067,3862.59,USD,2025-05-19T15:29:00,ACH,MOBILE,False,NORMAL
T000042,A00090,A00058,1289.26,USD,2025-06-03T03:01:00,TRANSFER,MOBILE,False,NORMAL
T000043,A00064,A00005,522.46,USD,2025-06-19T03:33:00,TRANSFER,BRANCH,False,NORMAL
T000044,A00048,A00060,3218.57,USD,2025-10-10T02:04:00,TRANSFER,MOBILE,False,NORMAL
T000045,A00082,A00041,2395.94,USD,2025-07-20T11:22:00,ACH,ONLINE,False,NORMAL
T000046,A00069,A00084,1449.85,USD,2025-05-14T15:29:00,PAYMENT,MOBILE,False,NORMAL
T000047,A00062,A00010,931.21,USD,2025-02-15T03:20:00,ACH,ONLINE,False,NORMAL
T000048,A00083,A00033,2880.02,USD,2025-01-08T09:36:00,ACH,BRANCH,False,NORMAL
T000049,A00034,A00050,957.37,USD,2025-05-17T18:46:00,PAYMENT,BRANCH,False,NORMAL
T000050,A00059,A00080,706.66,USD,2025-06-02T02:43:00,ACH,MOBILE,False,NORMAL
T000051,A00092,A00015,3115.61,USD,2025-03-25T18:01:00,PAYMENT,ONLINE,False,NORMAL
T000052,A00088,A00014,1971.27,USD,2025-08-16T10:38:00,TRANSFER,ONLINE,False,NORMAL
T000053,A00096,A00095,2193.61,USD,2025-04-23T08:27:00,PAYMENT,ONLINE,False,NORMAL
T000054,A00016,A00074,2712.96,USD,2025-07-14T04:18:00,PAYMENT,BRANCH,False,NORMAL
T000055,A00033,A00032,2889.18,USD,2025-09-11T06:29:00,ACH,MOBILE,False,NORMAL
T000056,A00018,A00024,1272.03,USD,2025-08-19T11:00:00,ACH,ONLINE,False,NORMAL
T000057,A00102,A00024,696.53,USD,2025-02-10T19:43:00,ACH,BRANCH,False,NORMAL
T000058,A00088,A00085,3500.72,USD,2025-03-10T03:11:00,ACH,BRANCH,False,NORMAL
T000059,A00081,A00096,622.47,USD,2025-07-30T14:55:00,ACH,MOBILE,False,NORMAL
T000060,A00101,A00057,158.5,USD,2025-02-04T11:23:00,TRANSFER,MOBILE,False,NORMAL
T000061,A00011,A00033,801.28,USD,2025-10-10T20:19:00,PAYMENT,ONLINE,False,NORMAL
T000062,A00035,A00058,1006.72,USD,2025-02-19T12:55:00,TRANSFER,BRANCH,False,NORMAL
T000063,A00065,A00010,1255.42,USD,2025-08-20T11:53:00,TRANSFER,ONLINE,False,NORMAL
T000064,A00054,A00048,3971.57,USD,2025-07-15T12:05:00,PAYMENT,BRANCH,False,NORMAL
T000065,A00035,A00006,3698.15,USD,2025-05-24T21:02:00,ACH,MOBILE,False,NORMAL
T000066,A00105,A00070,1904.13,USD,2025-01-19T09:22:00,ACH,ONLINE,False,NORMAL
T000067,A00020,A00021,739.77,USD,2025-03-26T01:26:00,ACH,BRANCH,False,NORMAL
T000068,A00038,A00107,2777.48,USD,2025-07-29T04:40:00,ACH,BRANCH,False,NORMAL
T000069,A00041,A00033,1306.63,USD,2025-07-26T21:55:00,ACH,ONLINE,False,NORMAL
T000070,A00045,A00091,278.46,USD,2025-10-05T05:45:00,PAYMENT,BRANCH,False,NORMAL
T000071,A00087,A00066,10015.23,USD,2025-07-06T07:20:00,WIRE,ONLINE,True,FAN_OUT
T000072,A00082,A00097,1973.7,USD,2025-01-07T15:30:00,ACH,BRANCH,False,NORMAL
T000073,A00020,A00045,3990.86,USD,2025-09-05T13:58:00,TRANSFER,BRANCH,False,NORMAL
T000074,A00087,A00030,9490.78,USD,2025-07-06T01:35:00,WIRE,ONLINE,True,FAN_OUT
T000075,A00014,A00032,1753.99,USD,2025-07-25T12:55:00,ACH,ONLINE,False,NORMAL
T000076,A00022,A00103,3791.5,USD,2025-08-24T02:27:00,ACH,BRANCH,False,NORMAL
T000077,A00052,A00091,2567.76,USD,2025-05-29T00:20:00,TRANSFER,BRANCH,False,NORMAL
T000078,A00063,A00018,796.61,USD,2025-07-16T20:31:00,ACH,MOBILE,False,NORMAL
T000079,A00045,A00055,3986.59,USD,2025-10-09T22:29:00,PAYMENT,BRANCH,False,NORMAL
T000080,A00029,A00105,1815.49,USD,2025-06-28T01:25:00,TRANSFER,BRANCH,False,NORMAL
T000081,A00040,A00096,1371.26,USD,2025-06-20T16:40:00,TRANSFER,ONLINE,False,NORMAL
T000082,A00050,A00073,148.89,USD,2025-03-20T11:23:00,ACH,BRANCH,False,NORMAL
T000083,A00084,A00017,2811.68,USD,2025-03-09T22:20:00,TRANSFER,ONLINE,False,NORMAL
T000084,A00033,A00103,714.5,USD,2025-01-14T11:50:00,TRANSFER,ONLINE,False,NORMAL
T000085,A00026,A00006,3168.61,USD,2025-01-22T16:25:00,PAYMENT,BRANCH,False,NORMAL
T000086,A00091,A00090,2558.05,USD,2025-07-05T03:12:00,ACH,ONLINE,False,NORMAL
T000087,A00037,A00003,2018.82,USD,2025-08-09T03:33:00,TRANSFER,ONLINE,False,NORMAL
T000088,A00085,A00052,296.95,USD,2025-01-16T16:13:00,TRANSFER,MOBILE,False,NORMAL
T000089,A00063,A00099,8957.45,USD,2025-03-15T18:40:00,DEPOSIT,BRANCH,True,STRUCTURING
T000090,A00017,A00080,2145.81,USD,2025-07-21T21:01:00,ACH,MOBILE,False,NORMAL
T000091,A00053,A00006,2258.85,USD,2025-04-24T00:16:00,ACH,ONLINE,False,NORMAL
T000092,A00087,A00032,10270.64,USD,2025-07-06T05:14:00,WIRE,ONLINE,True,FAN_OUT
T000093,A00085,A00081,432.58,USD,2025-10-25T04:02:00,ACH,BRANCH,False,NORMAL
T000094,A00096,A00045,233.71,USD,2025-08-12T10:38:00,TRANSFER,ONLINE,False,NORMAL
T000095,A00018,A00062,629.68,USD,2025-07-11T17:58:00,PAYMENT,MOBILE,False,NORMAL
T000096,A00029,A00058,1509.0,USD,2025-08-26T22:32:00,ACH,MOBILE,False,NORMAL
T000097,A00069,A00071,1657.13,USD,2025-01-09T08:34:00,ACH,MOBILE,False,NORMAL
T000098,A00013,A00105,9134.72,USD,2025-06-30T19:03:00,DEPOSIT,BRANCH,True,STRUCTURING
T000099,A00082,A00067,44959.16,USD,2025-01-20T11:10:00,WIRE,ONLINE,True,LAYERING_RING
T000100,A00086,A00072,883.73,USD,2025-04-17T00:13:00,PAYMENT,BRANCH,False,NORMAL
T000101,A00032,A00039,3501.74,USD,2025-01-17T11:55:00,PAYMENT,BRANCH,False,NORMAL
T000102,A00088,A00099,2209.39,USD,2025-08-25T14:51:00,ACH,ONLINE,False,NORMAL
T000103,A00044,A00083,455.26,USD,2025-03-26T16:11:00,ACH,ONLINE,False,NORMAL
T000104,A00077,A00069,690.14,USD,2025-05-30T08:54:00,PAYMENT,MOBILE,False,NORMAL
T000105,A00029,A00039,3433.01,USD,2025-03-15T17:26:00,PAYMENT,ONLINE,False,NORMAL
T000106,A00025,A00047,2221.83,USD,2025-02-07T14:48:00,PAYMENT,MOBILE,False,NORMAL
T000107,A00028,A00079,1156.6,USD,2025-09-09T04:54:00,TRANSFER,ONLINE,False,NORMAL
T000108,A00040,A00089,487.31,USD,2025-06-01T07:14:00,PAYMENT,MOBILE,False,NORMAL
T000109,A00038,A00099,9011.58,USD,2025-05-11T21:11:00,DEPOSIT,BRANCH,True,STRUCTURING
T000110,A00011,A00083,1725.88,USD,2025-08-25T08:24:00,TRANSFER,ONLINE,False,NORMAL
T000111,A00030,A00053,1368.95,USD,2025-08-21T23:06:00,PAYMENT,BRANCH,False,NORMAL
T000112,A00009,A00091,621.1,USD,2025-04-22T11:03:00,ACH,BRANCH,False,NORMAL
T000113,A00030,A00101,8901.08,USD,2025-06-02T22:32:00,DEPOSIT,BRANCH,True,STRUCTURING
T000114,A00027,A00051,3662.2,USD,2025-10-10T12:29:00,PAYMENT,BRANCH,False,NORMAL
T000115,A00093,A00090,3025.82,USD,2025-08-08T22:06:00,ACH,ONLINE,False,NORMAL
T000116,A00006,A00083,3088.67,USD,2025-05-16T18:26:00,ACH,ONLINE,False,NORMAL
T000117,A00047,A00098,1624.95,USD,2025-01-24T18:35:00,PAYMENT,ONLINE,False,NORMAL
T000118,A00101,A00073,836.72,USD,2025-10-11T06:52:00,TRANSFER,MOBILE,False,NORMAL
T000119,A00070,A00047,2132.79,USD,2025-05-20T15:51:00,TRANSFER,BRANCH,False,NORMAL
T000120,A00031,A00064,3653.06,USD,2025-03-15T20:16:00,TRANSFER,BRANCH,False,NORMAL
T000121,A00047,A00033,348.03,USD,2025-03-26T20:19:00,TRANSFER,BRANCH,False,NORMAL
T000122,A00031,A00054,2563.03,USD,2025-08-23T15:38:00,TRANSFER,ONLINE,False,NORMAL
T000123,A00032,A00096,9590.56,USD,2025-03-05T22:01:00,DEPOSIT,BRANCH,True,STRUCTURING
T000124,A00032,A00096,9757.08,USD,2025-03-10T07:31:00,DEPOSIT,BRANCH,True,STRUCTURING
T000125,A00032,A00096,9687.05,USD,2025-03-06T21:56:00,DEPOSIT,BRANCH,True,STRUCTURING
T000126,A00061,A00013,2731.14,USD,2025-03-12T05:26:00,TRANSFER,MOBILE,False,NORMAL
T000127,A00013,A00105,8842.27,USD,2025-06-29T13:07:00,DEPOSIT,BRANCH,True,STRUCTURING
T000128,A00013,A00105,9491.06,USD,2025-07-03T22:00:00,DEPOSIT,BRANCH,True,STRUCTURING
T000129,A00046,A00070,1367.42,USD,2025-03-31T22:30:00,ACH,BRANCH,False,NORMAL
T000130,A00006,A00037,3822.15,USD,2025-02-10T20:16:00,PAYMENT,BRANCH,False,NORMAL
T000131,A00019,A00009,522.24,USD,2025-10-27T10:24:00,ACH,MOBILE,False,NORMAL
T000132,A00095,A00088,3651.54,USD,2025-02-17T13:32:00,ACH,MOBILE,False,NORMAL
T000133,A00090,A00015,3414.12,USD,2025-10-10T13:28:00,ACH,ONLINE,False,NORMAL
T000134,A00010,A00006,1706.32,USD,2025-02-02T02:59:00,ACH,ONLINE,False,NORMAL
T000135,A00030,A00043,3101.99,USD,2025-01-02T04:34:00,PAYMENT,ONLINE,False,NORMAL
T000136,A00076,A00089,3325.68,USD,2025-05-05T09:54:00,TRANSFER,MOBILE,False,NORMAL
T000137,A00026,A00089,3639.44,USD,2025-06-04T02:41:00,TRANSFER,BRANCH,False,NORMAL
T000138,A00036,A00093,2366.56,USD,2025-09-26T03:53:00,ACH,BRANCH,False,NORMAL
T000139,A00070,A00005,3167.07,USD,2025-07-04T19:40:00,ACH,MOBILE,False,NORMAL
T000140,A00075,A00082,46847.98,USD,2025-01-19T15:54:00,WIRE,ONLINE,True,LAYERING_RING
T000141,A00070,A00043,1547.71,USD,2025-03-13T02:32:00,ACH,MOBILE,False,NORMAL
T000142,A00096,A00061,2826.81,USD,2025-07-15T20:09:00,PAYMENT,MOBILE,False,NORMAL
T000143,A00037,A00057,3525.77,USD,2025-09-06T20:38:00,TRANSFER,ONLINE,False,NORMAL
T000144,A00087,A00069,1532.44,USD,2025-06-12T15:55:00,ACH,MOBILE,False,NORMAL
T000145,A00063,A00004,1567.65,USD,2025-07-27T14:58:00,ACH,ONLINE,False,NORMAL
T000146,A00085,A00062,912.49,USD,2025-02-25T11:07:00,PAYMENT,MOBILE,False,NORMAL
T000147,A00029,A00087,2902.38,USD,2025-07-23T02:50:00,ACH,BRANCH,False,NORMAL
T000148,A00083,A00092,1973.47,USD,2025-01-09T07:25:00,TRANSFER,BRANCH,False,NORMAL
T000149,A00040,A00077,3000.85,USD,2025-10-19T03:29:00,PAYMENT,BRANCH,False,NORMAL
T000150,A00030,A00101,8519.31,USD,2025-05-31T06:02:00,DEPOSIT,BRANCH,True,STRUCTURING
T000151,A00070,A00083,21363.43,USD,2025-01-05T12:54:00,WIRE,ONLINE,True,PASS_THROUGH
T000152,A00076,A00075,3995.63,USD,2025-09-08T17:30:00,TRANSFER,BRANCH,False,NORMAL
T000153,A00004,A00064,3406.79,USD,2025-04-04T11:51:00,PAYMENT,ONLINE,False,NORMAL
T000154,A00061,A00067,1838.81,USD,2025-09-21T19:20:00,TRANSFER,BRANCH,False,NORMAL
T000155,A00003,A00012,3782.03,USD,2025-09-16T06:37:00,PAYMENT,ONLINE,False,NORMAL
T000156,A00026,A00100,23008.87,USD,2025-05-06T04:00:00,WIRE,ONLINE,True,PASS_THROUGH
T000157,A00096,A00069,3804.49,USD,2025-04-05T23:30:00,TRANSFER,ONLINE,False,NORMAL
T000158,A00084,A00061,1920.25,USD,2025-04-13T09:41:00,PAYMENT,BRANCH,False,NORMAL
T000159,A00101,A00051,1472.76,USD,2025-10-16T17:11:00,TRANSFER,MOBILE,False,NORMAL
T000160,A00021,A00105,814.8,USD,2025-03-12T20:30:00,PAYMENT,ONLINE,False,NORMAL
T000161,A00030,A00101,9791.61,USD,2025-06-01T12:32:00,DEPOSIT,BRANCH,True,STRUCTURING
T000162,A00080,A00100,3367.85,USD,2025-03-17T01:36:00,ACH,ONLINE,False,NORMAL
T000163,A00073,A00063,3157.45,USD,2025-01-25T20:50:00,TRANSFER,ONLINE,False,NORMAL
T000164,A00003,A00080,626.48,USD,2025-03-06T03:36:00,PAYMENT,MOBILE,False,NORMAL
T000165,A00096,A00038,3509.44,USD,2025-01-05T19:06:00,PAYMENT,MOBILE,False,NORMAL
T000166,A00101,A00031,2363.63,USD,2025-01-09T01:08:00,TRANSFER,BRANCH,False,NORMAL
T000167,A00045,A00040,3871.43,USD,2025-07-20T22:05:00,TRANSFER,MOBILE,False,NORMAL
T000168,A00014,A00018,1232.54,USD,2025-07-22T12:51:00,PAYMENT,MOBILE,False,NORMAL
T000169,A00046,A00007,221.15,USD,2025-09-11T21:30:00,ACH,MOBILE,False,NORMAL
T000170,A00009,A00052,1977.15,USD,2025-10-23T01:09:00,ACH,MOBILE,False,NORMAL
T000171,A00059,A00003,514.46,USD,2025-03-22T00:27:00,PAYMENT,BRANCH,False,NORMAL
T000172,A00085,A00051,1112.43,USD,2025-10-17T01:58:00,ACH,MOBILE,False,NORMAL
T000173,A00085,A00028,2573.98,USD,2025-01-11T07:08:00,TRANSFER,BRANCH,False,NORMAL
T000174,A00001,A00100,3391.73,USD,2025-02-17T20:42:00,ACH,BRANCH,False,NORMAL
T000175,A00030,A00049,2287.76,USD,2025-05-06T20:43:00,PAYMENT,MOBILE,False,NORMAL
T000176,A00048,A00033,2994.32,USD,2025-07-02T07:46:00,TRANSFER,BRANCH,False,NORMAL
T000177,A00107,A00062,3921.37,USD,2025-05-05T04:24:00,PAYMENT,MOBILE,False,NORMAL
T000178,A00016,A00060,1241.09,USD,2025-07-27T22:49:00,ACH,MOBILE,False,NORMAL
T000179,A00052,A00065,180.21,USD,2025-01-20T10:51:00,TRANSFER,MOBILE,False,NORMAL
T000180,A00052,A00096,1770.15,USD,2025-07-17T15:44:00,PAYMENT,ONLINE,False,NORMAL
T000181,A00039,A00019,3943.07,USD,2025-09-24T09:17:00,TRANSFER,BRANCH,False,NORMAL
T000182,A00066,A00054,1838.06,USD,2025-01-30T21:51:00,ACH,BRANCH,False,NORMAL
T000183,A00036,A00072,1208.03,USD,2025-06-02T06:44:00,PAYMENT,MOBILE,False,NORMAL
T000184,A00045,A00020,1117.09,USD,2025-02-27T13:39:00,TRANSFER,MOBILE,False,NORMAL
T000185,A00069,A00003,2535.18,USD,2025-10-22T04:18:00,TRANSFER,MOBILE,False,NORMAL
T000186,A00008,A00001,833.6,USD,2025-04-19T09:20:00,TRANSFER,BRANCH,False,NORMAL
T000187,A00053,A00020,1213.56,USD,2025-04-05T07:54:00,ACH,BRANCH,False,NORMAL
T000188,A00095,A00048,3250.84,USD,2025-10-12T17:35:00,TRANSFER,MOBILE,False,NORMAL
T000189,A00084,A00036,1013.45,USD,2025-02-28T05:31:00,TRANSFER,MOBILE,False,NORMAL
T000190,A00102,A00081,2367.36,USD,2025-04-12T17:14:00,PAYMENT,ONLINE,False,NORMAL
T000191,A00098,A00054,2433.14,USD,2025-04-26T14:58:00,ACH,BRANCH,False,NORMAL
T000192,A00025,A00098,654.18,USD,2025-09-21T09:31:00,PAYMENT,BRANCH,False,NORMAL
T000193,A00049,A00074,1448.66,USD,2025-06-01T00:53:00,ACH,BRANCH,False,NORMAL
T000194,A00026,A00062,1270.45,USD,2025-07-23T23:44:00,PAYMENT,BRANCH,False,NORMAL
T000195,A00087,A00002,9721.8,USD,2025-07-06T16:43:00,WIRE,ONLINE,True,FAN_OUT
T000196,A00092,A00012,5748.89,USD,2025-04-29T11:29:00,WIRE,ONLINE,True,PASS_THROUGH
T000197,A00071,A00021,1337.34,USD,2025-08-07T12:40:00,PAYMENT,ONLINE,False,NORMAL
T000198,A00100,A00094,22716.56,USD,2025-05-06T00:14:00,WIRE,ONLINE,True,PASS_THROUGH
T000199,A00071,A00036,3304.74,USD,2025-03-02T12:23:00,TRANSFER,ONLINE,False,NORMAL
T000200,A00010,A00011,1086.53,USD,2025-07-14T04:47:00,ACH,MOBILE,False,NORMAL
T000201,A00058,A00032,3006.9,USD,2025-10-19T12:21:00,ACH,MOBILE,False,NORMAL
T000202,A00063,A00079,1644.3,USD,2025-05-24T11:13:00,TRANSFER,MOBILE,False,NORMAL
T000203,A00043,A00087,456.23,USD,2025-08-02T23:55:00,ACH,BRANCH,False,NORMAL
T000204,A00035,A00081,1668.62,USD,2025-08-20T02:25:00,TRANSFER,MOBILE,False,NORMAL
T000205,A00040,A00093,106.65,USD,2025-05-11T06:37:00,TRANSFER,MOBILE,False,NORMAL
T000206,A00057,A00030,2168.24,USD,2025-01-29T09:14:00,TRANSFER,MOBILE,False,NORMAL
T000207,A00087,A00097,788.78,USD,2025-07-27T10:05:00,PAYMENT,MOBILE,False,NORMAL
T000208,A00029,A00018,636.68,USD,2025-06-01T17:53:00,TRANSFER,MOBILE,False,NORMAL
T000209,A00011,A00021,974.66,USD,2025-10-10T00:26:00,TRANSFER,ONLINE,False,NORMAL
T000210,A00089,A00081,126.06,USD,2025-08-31T18:36:00,PAYMENT,MOBILE,False,NORMAL
T000211,A00008,A00072,3795.11,USD,2025-03-31T13:35:00,ACH,MOBILE,False,NORMAL
T000212,A00012,A00038,1320.34,USD,2025-08-01T04:50:00,TRANSFER,ONLINE,False,NORMAL
T000213,A00036,A00097,2820.96,USD,2025-02-02T17:11:00,ACH,ONLINE,False,NORMAL
T000214,A00004,A00012,931.12,USD,2025-10-22T21:52:00,ACH,ONLINE,False,NORMAL
T000215,A00010,A00105,2679.5,USD,2025-01-04T20:14:00,PAYMENT,ONLINE,False,NORMAL
T000216,A00087,A00034,2346.55,USD,2025-07-10T07:30:00,TRANSFER,MOBILE,False,NORMAL
T000217,A00013,A00034,903.56,USD,2025-09-23T22:36:00,ACH,MOBILE,False,NORMAL
T000218,A00009,A00022,1750.01,USD,2025-08-04T02:23:00,PAYMENT,BRANCH,False,NORMAL
T000219,A00087,A00093,2186.89,USD,2025-09-30T07:29:00,PAYMENT,ONLINE,False,NORMAL
T000220,A00032,A00096,9213.33,USD,2025-03-08T23:25:00,DEPOSIT,BRANCH,True,STRUCTURING
T000221,A00030,A00101,9573.95,USD,2025-06-03T13:44:00,DEPOSIT,BRANCH,True,STRUCTURING
T000222,A00049,A00062,43.47,USD,2025-06-30T13:34:00,PAYMENT,BRANCH,False,NORMAL
T000223,A00035,A00028,3024.67,USD,2025-02-28T03:18:00,PAYMENT,BRANCH,False,NORMAL
T000224,A00098,A00084,319.91,USD,2025-09-10T18:28:00,PAYMENT,MOBILE,False,NORMAL
T000225,A00042,A00028,1829.7,USD,2025-06-22T13:16:00,PAYMENT,BRANCH,False,NORMAL
T000226,A00020,A00064,3731.96,USD,2025-05-30T08:26:00,ACH,MOBILE,False,NORMAL
T000227,A00058,A00030,2145.36,USD,2025-06-08T11:43:00,PAYMENT,ONLINE,False,NORMAL
T000228,A00101,A00065,1083.35,USD,2025-01-02T09:53:00,PAYMENT,MOBILE,False,NORMAL
T000229,A00085,A00048,294.45,USD,2025-06-24T15:06:00,TRANSFER,BRANCH,False,NORMAL
T000230,A00089,A00032,1238.7,USD,2025-10-25T17:33:00,PAYMENT,BRANCH,False,NORMAL
T000231,A00044,A00033,3058.18,USD,2025-09-08T23:31:00,ACH,MOBILE,False,NORMAL
T000232,A00051,A00010,1211.12,USD,2025-10-16T12:43:00,TRANSFER,MOBILE,False,NORMAL
T000233,A00095,A00040,6864.35,USD,2025-09-29T01:09:00,WIRE,ONLINE,True,PASS_THROUGH
T000234,A00063,A00099,8784.48,USD,2025-03-14T04:34:00,DEPOSIT,BRANCH,True,STRUCTURING
T000235,A00093,A00057,2194.49,USD,2025-08-06T20:48:00,TRANSFER,MOBILE,False,NORMAL
T000236,A00069,A00051,2124.79,USD,2025-04-25T09:29:00,TRANSFER,ONLINE,False,NORMAL
T000237,A00030,A00093,224.39,USD,2025-09-03T20:46:00,TRANSFER,MOBILE,False,NORMAL
T000238,A00057,A00002,52.09,USD,2025-06-25T22:08:00,TRANSFER,BRANCH,False,NORMAL
T000239,A00043,A00057,1352.25,USD,2025-03-11T19:44:00,PAYMENT,BRANCH,False,NORMAL
T000240,A00068,A00073,53.73,USD,2025-03-26T23:13:00,PAYMENT,BRANCH,False,NORMAL
T000241,A00043,A00037,1828.31,USD,2025-10-06T04:54:00,ACH,BRANCH,False,NORMAL
T000242,A00079,A00095,414.95,USD,2025-04-17T08:42:00,ACH,ONLINE,False,NORMAL
T000243,A00043,A00013,2240.69,USD,2025-07-17T23:54:00,PAYMENT,BRANCH,False,NORMAL
T000244,A00085,A00078,3495.65,USD,2025-06-20T21:09:00,TRANSFER,MOBILE,False,NORMAL
T000245,A00005,A00023,1683.18,USD,2025-04-01T15:11:00,TRANSFER,BRANCH,False,NORMAL
T000246,A00101,A00027,2094.04,USD,2025-06-28T14:46:00,PAYMENT,ONLINE,False,NORMAL
T000247,A00011,A00056,2417.76,USD,2025-04-03T10:06:00,ACH,BRANCH,False,NORMAL
T000248,A00011,A00042,2650.46,USD,2025-06-06T22:27:00,PAYMENT,MOBILE,False,NORMAL
T000249,A00009,A00100,3830.0,USD,2025-01-21T06:53:00,TRANSFER,ONLINE,False,NORMAL
T000250,A00009,A00038,19899.91,USD,2025-06-09T00:23:00,WIRE,ONLINE,True,PASS_THROUGH
T000251,A00091,A00063,1281.82,USD,2025-06-28T08:18:00,ACH,MOBILE,False,NORMAL
T000252,A00069,A00018,1566.81,USD,2025-07-09T22:34:00,ACH,MOBILE,False,NORMAL
T000253,A00064,A00048,3698.76,USD,2025-09-23T23:27:00,PAYMENT,ONLINE,False,NORMAL
T000254,A00067,A00050,3655.9,USD,2025-03-02T22:28:00,PAYMENT,BRANCH,False,NORMAL
T000255,A00008,A00021,1769.63,USD,2025-09-05T10:38:00,PAYMENT,ONLINE,False,NORMAL
T000256,A00078,A00083,57074.89,USD,2025-01-16T16:04:00,WIRE,ONLINE,True,LAYERING_RING
T000257,A00087,A00001,9592.62,USD,2025-07-06T23:20:00,WIRE,ONLINE,True,FAN_OUT
T000258,A00006,A00005,1231.37,USD,2025-09-10T07:56:00,TRANSFER,ONLINE,False,NORMAL
T000259,A00072,A00066,1644.02,USD,2025-01-14T17:05:00,TRANSFER,BRANCH,False,NORMAL
T000260,A00098,A00035,426.88,USD,2025-02-14T14:35:00,TRANSFER,BRANCH,False,NORMAL
T000261,A00025,A00007,1088.48,USD,2025-01-21T18:46:00,TRANSFER,ONLINE,False,NORMAL
T000262,A00038,A00099,9807.49,USD,2025-05-09T04:24:00,DEPOSIT,BRANCH,True,STRUCTURING
T000263,A00025,A00038,925.38,USD,2025-04-02T22:34:00,PAYMENT,ONLINE,False,NORMAL
T000264,A00009,A00061,1779.99,USD,2025-06-05T01:22:00,PAYMENT,MOBILE,False,NORMAL
T000265,A00087,A00076,1956.8,USD,2025-06-07T12:38:00,TRANSFER,ONLINE,False,NORMAL
T000266,A00091,A00030,2011.04,USD,2025-07-01T23:02:00,TRANSFER,BRANCH,False,NORMAL
T000267,A00070,A00060,1664.73,USD,2025-04-07T19:48:00,ACH,BRANCH,False,NORMAL
T000268,A00006,A00040,3158.67,USD,2025-01-18T23:08:00,ACH,BRANCH,False,NORMAL
T000269,A00013,A00105,9536.92,USD,2025-07-02T03:00:00,DEPOSIT,BRANCH,True,STRUCTURING
T000270,A00071,A00075,2324.99,USD,2025-08-02T06:21:00,PAYMENT,ONLINE,False,NORMAL
T000271,A00008,A00099,376.05,USD,2025-10-21T23:46:00,TRANSFER,MOBILE,False,NORMAL
T000272,A00017,A00036,201.15,USD,2025-01-28T22:08:00,ACH,BRANCH,False,NORMAL
T000273,A00020,A00031,783.89,USD,2025-09-27T08:50:00,PAYMENT,BRANCH,False,NORMAL
T000274,A00088,A00049,694.62,USD,2025-05-18T15:09:00,PAYMENT,BRANCH,False,NORMAL
T000275,A00043,A00086,506.48,USD,2025-07-01T23:03:00,ACH,BRANCH,False,NORMAL
T000276,A00001,A00011,95.64,USD,2025-04-21T23:38:00,TRANSFER,MOBILE,False,NORMAL
T000277,A00088,A00077,3226.0,USD,2025-10-17T17:27:00,TRANSFER,BRANCH,False,NORMAL
T000278,A00054,A00076,2974.23,USD,2025-03-21T03:53:00,PAYMENT,MOBILE,False,NORMAL
T000279,A00037,A00010,2585.77,USD,2025-02-16T16:24:00,ACH,MOBILE,False,NORMAL
T000280,A00017,A00056,2021.4,USD,2025-01-29T04:19:00,TRANSFER,MOBILE,False,NORMAL
T000281,A00068,A00055,462.52,USD,2025-05-28T03:03:00,TRANSFER,BRANCH,False,NORMAL
T000282,A00020,A00022,1325.91,USD,2025-09-24T21:13:00,PAYMENT,ONLINE,False,NORMAL
T000283,A00100,A00007,3465.88,USD,2025-06-19T11:27:00,PAYMENT,ONLINE,False,NORMAL
T000284,A00052,A00086,399.63,USD,2025-03-13T07:00:00,PAYMENT,BRANCH,False,NORMAL
T000285,A00059,A00022,2936.43,USD,2025-06-30T23:34:00,TRANSFER,ONLINE,False,NORMAL
T000286,A00063,A00099,9568.51,USD,2025-03-16T20:43:00,DEPOSIT,BRANCH,True,STRUCTURING
T000287,A00038,A00099,9239.6,USD,2025-05-08T00:23:00,DEPOSIT,BRANCH,True,STRUCTURING
T000288,A00100,A00011,2904.88,USD,2025-10-14T16:10:00,TRANSFER,MOBILE,False,NORMAL
T000289,A00028,A00060,2803.87,USD,2025-07-08T19:47:00,TRANSFER,MOBILE,False,NORMAL
T000290,A00083,A00011,3690.46,USD,2025-07-09T23:53:00,TRANSFER,MOBILE,False,NORMAL
T000291,A00037,A00022,3127.35,USD,2025-10-17T17:32:00,ACH,BRANCH,False,NORMAL
T000292,A00077,A00087,2819.08,USD,2025-01-25T01:25:00,TRANSFER,MOBILE,False,NORMAL
T000293,A00076,A00014,1818.98,USD,2025-04-24T23:50:00,ACH,ONLINE,False,NORMAL
T000294,A00037,A00069,52.55,USD,2025-02-25T08:46:00,PAYMENT,ONLINE,False,NORMAL
T000295,A00022,A00089,1211.87,USD,2025-01-15T01:18:00,TRANSFER,BRANCH,False,NORMAL
T000296,A00074,A00010,518.8,USD,2025-06-12T14:29:00,ACH,ONLINE,False,NORMAL
T000297,A00001,A00028,1917.69,USD,2025-03-09T16:43:00,ACH,ONLINE,False,NORMAL
T000298,A00011,A00077,178.65,USD,2025-08-10T19:16:00,ACH,BRANCH,False,NORMAL
T000299,A00018,A00041,489.09,USD,2025-06-06T11:44:00,TRANSFER,ONLINE,False,NORMAL
T000300,A00065,A00060,1105.89,USD,2025-02-27T23:29:00,PAYMENT,ONLINE,False,NORMAL
T000301,A00015,A00074,474.54,USD,2025-10-06T01:48:00,PAYMENT,MOBILE,False,NORMAL
T000302,A00079,A00054,1008.12,USD,2025-03-23T23:20:00,PAYMENT,MOBILE,False,NORMAL
T000303,A00101,A00011,2111.52,USD,2025-09-28T02:58:00,ACH,BRANCH,False,NORMAL
T000304,A00095,A00068,170.24,USD,2025-06-22T19:24:00,ACH,ONLINE,False,NORMAL
T000305,A00016,A00001,1999.59,USD,2025-08-09T12:34:00,TRANSFER,ONLINE,False,NORMAL
T000306,A00056,A00106,2929.48,USD,2025-05-18T02:17:00,PAYMENT,ONLINE,False,NORMAL
T000307,A00033,A00059,3384.31,USD,2025-04-12T03:15:00,PAYMENT,BRANCH,False,NORMAL
T000308,A00089,A00027,1653.3,USD,2025-08-30T01:45:00,ACH,MOBILE,False,NORMAL
T000309,A00053,A00100,1366.7,USD,2025-01-27T10:04:00,ACH,MOBILE,False,NORMAL
T000310,A00042,A00078,1913.0,USD,2025-03-19T03:51:00,TRANSFER,BRANCH,False,NORMAL
T000311,A00083,A00046,260.99,USD,2025-05-22T14:05:00,TRANSFER,ONLINE,False,NORMAL
T000312,A00041,A00055,1263.84,USD,2025-05-11T21:59:00,PAYMENT,ONLINE,False,NORMAL
T000313,A00022,A00089,1786.76,USD,2025-08-17T11:39:00,TRANSFER,MOBILE,False,NORMAL
T000314,A00004,A00080,3539.25,USD,2025-10-15T07:41:00,PAYMENT,MOBILE,False,NORMAL
T000315,A00102,A00044,2240.17,USD,2025-07-07T19:32:00,TRANSFER,ONLINE,False,NORMAL
T000316,A00040,A00051,3998.39,USD,2025-09-03T13:52:00,ACH,BRANCH,False,NORMAL
T000317,A00089,A00045,3446.97,USD,2025-08-08T04:50:00,TRANSFER,MOBILE,False,NORMAL
T000318,A00061,A00097,2159.32,USD,2025-04-22T19:55:00,TRANSFER,MOBILE,False,NORMAL
T000319,A00028,A00064,1088.78,USD,2025-05-26T18:08:00,PAYMENT,MOBILE,False,NORMAL
T000320,A00021,A00051,3962.65,USD,2025-06-03T16:53:00,ACH,BRANCH,False,NORMAL
T000321,A00080,A00082,2673.68,USD,2025-09-05T00:00:00,ACH,BRANCH,False,NORMAL
T000322,A00051,A00002,1072.55,USD,2025-03-05T21:47:00,PAYMENT,BRANCH,False,NORMAL
T000323,A00107,A00032,3050.66,USD,2025-07-21T18:40:00,PAYMENT,ONLINE,False,NORMAL
T000324,A00053,A00088,1977.07,USD,2025-08-16T02:36:00,PAYMENT,ONLINE,False,NORMAL
T000325,A00011,A00031,2885.9,USD,2025-09-08T22:30:00,ACH,ONLINE,False,NORMAL
T000326,A00063,A00082,2158.77,USD,2025-03-30T15:18:00,ACH,ONLINE,False,NORMAL
T000327,A00101,A00065,2225.52,USD,2025-07-19T20:24:00,PAYMENT,ONLINE,False,NORMAL
T000328,A00036,A00024,3987.84,USD,2025-08-12T02:30:00,ACH,BRANCH,False,NORMAL
T000329,A00059,A00002,2895.33,USD,2025-07-29T02:30:00,ACH,ONLINE,False,NORMAL
T000330,A00090,A00015,779.32,USD,2025-08-14T04:26:00,PAYMENT,BRANCH,False,NORMAL
T000331,A00047,A00042,804.36,USD,2025-02-28T15:33:00,PAYMENT,MOBILE,False,NORMAL
T000332,A00020,A00104,2260.1,USD,2025-06-05T03:35:00,TRANSFER,ONLINE,False,NORMAL
T000333,A00040,A00074,2715.84,USD,2025-07-12T06:04:00,PAYMENT,MOBILE,False,NORMAL
T000334,A00013,A00105,8933.01,USD,2025-07-01T23:42:00,DEPOSIT,BRANCH,True,STRUCTURING
T000335,A00015,A00068,2049.61,USD,2025-06-28T20:52:00,PAYMENT,MOBILE,False,NORMAL
T000336,A00022,A00011,2009.44,USD,2025-08-11T18:54:00,ACH,BRANCH,False,NORMAL
T000337,A00029,A00039,2742.49,USD,2025-02-11T01:05:00,ACH,MOBILE,False,NORMAL
T000338,A00036,A00092,5878.01,USD,2025-04-29T16:26:00,WIRE,ONLINE,True,PASS_THROUGH
T000339,A00073,A00083,2716.34,USD,2025-07-24T03:00:00,PAYMENT,BRANCH,False,NORMAL
T000340,A00082,A00063,3871.7,USD,2025-05-05T08:52:00,PAYMENT,BRANCH,False,NORMAL
T000341,A00010,A00058,707.17,USD,2025-08-16T10:42:00,TRANSFER,MOBILE,False,NORMAL
T000342,A00032,A00104,3233.25,USD,2025-07-27T02:44:00,PAYMENT,BRANCH,False,NORMAL
T000343,A00095,A00054,2113.82,USD,2025-02-02T11:32:00,PAYMENT,BRANCH,False,NORMAL
T000344,A00087,A00006,9616.47,USD,2025-07-06T02:36:00,WIRE,ONLINE,True,FAN_OUT
T000345,A00037,A00077,1263.55,USD,2025-02-23T06:09:00,ACH,MOBILE,False,NORMAL
T000346,A00087,A00061,10169.4,USD,2025-07-06T01:25:00,WIRE,ONLINE,True,FAN_OUT
T000347,A00107,A00011,1891.82,USD,2025-10-04T07:41:00,TRANSFER,BRANCH,False,NORMAL
T000348,A00025,A00090,970.45,USD,2025-07-16T01:20:00,TRANSFER,BRANCH,False,NORMAL
T000349,A00046,A00048,1734.13,USD,2025-05-06T18:43:00,ACH,BRANCH,False,NORMAL
T000350,A00064,A00081,1779.32,USD,2025-01-27T17:08:00,TRANSFER,BRANCH,False,NORMAL
T000351,A00096,A00062,871.67,USD,2025-10-03T22:17:00,PAYMENT,MOBILE,False,NORMAL
T000352,A00094,A00095,7078.98,USD,2025-09-29T07:26:00,WIRE,ONLINE,True,PASS_THROUGH
T000353,A00090,A00046,3403.42,USD,2025-10-01T13:52:00,PAYMENT,ONLINE,False,NORMAL
T000354,A00025,A00095,486.92,USD,2025-09-03T19:45:00,TRANSFER,MOBILE,False,NORMAL
T000355,A00013,A00103,3925.65,USD,2025-08-29T11:20:00,PAYMENT,ONLINE,False,NORMAL
T000356,A00032,A00096,8913.76,USD,2025-03-09T01:50:00,DEPOSIT,BRANCH,True,STRUCTURING
T000357,A00019,A00041,3448.71,USD,2025-06-13T12:08:00,ACH,BRANCH,False,NORMAL
T000358,A00056,A00047,2549.63,USD,2025-08-24T13:11:00,ACH,ONLINE,False,NORMAL
T000359,A00009,A00082,3298.94,USD,2025-06-04T03:08:00,ACH,BRANCH,False,NORMAL
T000360,A00087,A00095,10168.13,USD,2025-07-06T22:47:00,WIRE,ONLINE,True,FAN_OUT
T000361,A00047,A00087,2883.95,USD,2025-08-16T23:50:00,ACH,BRANCH,False,NORMAL
T000362,A00019,A00066,1566.08,USD,2025-03-12T13:11:00,ACH,BRANCH,False,NORMAL
T000363,A00035,A00040,1020.59,USD,2025-03-03T10:07:00,ACH,ONLINE,False,NORMAL
T000364,A00061,A00005,1162.62,USD,2025-04-03T23:41:00,TRANSFER,MOBILE,False,NORMAL
T000365,A00085,A00080,2888.12,USD,2025-06-22T00:05:00,ACH,ONLINE,False,NORMAL
T000366,A00056,A00036,2565.09,USD,2025-01-30T20:25:00,TRANSFER,MOBILE,False,NORMAL
T000367,A00056,A00003,1849.82,USD,2025-02-09T13:36:00,PAYMENT,MOBILE,False,NORMAL
T000368,A00066,A00096,1127.34,USD,2025-07-08T10:37:00,PAYMENT,BRANCH,False,NORMAL
T000369,A00028,A00012,3588.44,USD,2025-03-13T23:24:00,TRANSFER,MOBILE,False,NORMAL
T000370,A00010,A00057,3782.04,USD,2025-10-28T13:44:00,PAYMENT,MOBILE,False,NORMAL
T000371,A00083,A00090,53559.45,USD,2025-01-17T18:40:00,WIRE,ONLINE,True,LAYERING_RING
T000372,A00061,A00009,383.07,USD,2025-02-13T03:47:00,TRANSFER,BRANCH,False,NORMAL
T000373,A00034,A00044,1133.04,USD,2025-05-22T16:12:00,ACH,ONLINE,False,NORMAL
T000374,A00101,A00058,1972.6,USD,2025-07-02T13:11:00,ACH,BRANCH,False,NORMAL
T000375,A00105,A00012,1767.5,USD,2025-03-02T23:37:00,TRANSFER,ONLINE,False,NORMAL
T000376,A00066,A00087,3264.42,USD,2025-03-11T08:55:00,PAYMENT,ONLINE,False,NORMAL
T000377,A00074,A00057,1857.49,USD,2025-05-25T16:26:00,PAYMENT,MOBILE,False,NORMAL
T000378,A00004,A00102,3049.01,USD,2025-05-30T07:34:00,TRANSFER,BRANCH,False,NORMAL
T000379,A00082,A00025,2491.15,USD,2025-03-12T20:41:00,ACH,ONLINE,False,NORMAL
T000380,A00035,A00074,180.12,USD,2025-03-31T20:28:00,PAYMENT,MOBILE,False,NORMAL
T000381,A00038,A00099,9705.14,USD,2025-05-10T18:26:00,DEPOSIT,BRANCH,True,STRUCTURING
T000382,A00088,A00073,2579.11,USD,2025-06-15T04:28:00,ACH,BRANCH,False,NORMAL
T000383,A00018,A00014,2470.39,USD,2025-10-28T01:42:00,TRANSFER,ONLINE,False,NORMAL
T000384,A00048,A00071,3738.49,USD,2025-09-22T02:48:00,TRANSFER,BRANCH,False,NORMAL
T000385,A00013,A00105,8729.37,USD,2025-07-04T11:33:00,DEPOSIT,BRANCH,True,STRUCTURING
T000386,A00077,A00068,1193.69,USD,2025-09-16T03:50:00,ACH,BRANCH,False,NORMAL
T000387,A00047,A00066,3208.36,USD,2025-03-23T19:43:00,TRANSFER,ONLINE,False,NORMAL
T000388,A00064,A00007,3889.72,USD,2025-07-15T22:26:00,ACH,BRANCH,False,NORMAL
T000389,A00045,A00043,2216.63,USD,2025-10-06T10:55:00,PAYMENT,BRANCH,False,NORMAL
T000390,A00098,A00048,2069.62,USD,2025-02-24T14:07:00,PAYMENT,ONLINE,False,NORMAL
T000391,A00065,A00048,958.4,USD,2025-02-11T00:20:00,PAYMENT,ONLINE,False,NORMAL
T000392,A00068,A00029,2559.02,USD,2025-01-27T10:45:00,TRANSFER,BRANCH,False,NORMAL
T000393,A00041,A00023,1849.46,USD,2025-09-30T11:43:00,PAYMENT,MOBILE,False,NORMAL
T000394,A00038,A00096,3484.18,USD,2025-02-28T04:48:00,PAYMENT,ONLINE,False,NORMAL
T000395,A00103,A00031,2844.94,USD,2025-06-09T17:26:00,ACH,ONLINE,False,NORMAL
T000396,A00078,A00096,1996.97,USD,2025-05-27T11:14:00,TRANSFER,MOBILE,False,NORMAL
T000397,A00012,A00029,3969.18,USD,2025-02-28T20:53:00,PAYMENT,ONLINE,False,NORMAL
T000398,A00052,A00049,1521.13,USD,2025-09-01T00:44:00,TRANSFER,MOBILE,False,NORMAL
T000399,A00063,A00099,8933.87,USD,2025-03-13T16:58:00,DEPOSIT,BRANCH,True,STRUCTURING
T000400,A00096,A00012,1747.21,USD,2025-02-20T03:28:00,ACH,MOBILE,False,NORMAL
T000401,A00085,A00067,1220.49,USD,2025-01-16T12:27:00,TRANSFER,BRANCH,False,NORMAL
T000402,A00039,A00026,20690.14,USD,2025-05-05T14:23:00,WIRE,ONLINE,True,PASS_THROUGH
T000403,A00049,A00054,1825.51,USD,2025-03-22T23:20:00,PAYMENT,BRANCH,False,NORMAL
T000404,A00060,A00075,2226.18,USD,2025-01-22T20:12:00,PAYMENT,MOBILE,False,NORMAL
T000405,A00099,A00093,2729.37,USD,2025-05-16T06:15:00,ACH,BRANCH,False,NORMAL
T000406,A00107,A00061,2790.37,USD,2025-03-13T14:39:00,ACH,BRANCH,False,NORMAL
T000407,A00055,A00001,2466.94,USD,2025-05-04T05:42:00,ACH,BRANCH,False,NORMAL
T000408,A00048,A00039,565.77,USD,2025-03-10T04:04:00,ACH,MOBILE,False,NORMAL
T000409,A00027,A00105,843.63,USD,2025-01-31T17:17:00,ACH,BRANCH,False,NORMAL
T000410,A00026,A00074,20145.32,USD,2025-05-05T15:49:00,WIRE,ONLINE,True,PASS_THROUGH
T000411,A00067,A00078,42165.32,USD,2025-01-21T03:57:00,WIRE,ONLINE,True,LAYERING_RING
T000412,A00013,A00092,2606.84,USD,2025-03-16T09:58:00,TRANSFER,ONLINE,False,NORMAL
T000413,A00019,A00031,429.16,USD,2025-05-12T19:09:00,TRANSFER,ONLINE,False,NORMAL
T000414,A00047,A00003,1463.14,USD,2025-04-03T15:12:00,TRANSFER,BRANCH,False,NORMAL
T000415,A00087,A00011,1102.97,USD,2025-08-06T14:26:00,PAYMENT,MOBILE,False,NORMAL
T000416,A00101,A00034,1367.47,USD,2025-07-23T10:54:00,ACH,ONLINE,False,NORMAL
T000417,A00024,A00082,2636.09,USD,2025-07-22T19:56:00,TRANSFER,MOBILE,False,NORMAL
T000418,A00066,A00069,1969.59,USD,2025-10-16T00:23:00,PAYMENT,BRANCH,False,NORMAL
T000419,A00057,A00044,753.77,USD,2025-01-27T03:52:00,PAYMENT,BRANCH,False,NORMAL
T000420,A00063,A00024,3669.26,USD,2025-10-05T16:02:00,ACH,ONLINE,False,NORMAL
T000421,A00023,A00041,82.32,USD,2025-04-17T22:52:00,ACH,ONLINE,False,NORMAL
T000422,A00058,A00089,2383.37,USD,2025-05-30T09:45:00,TRANSFER,ONLINE,False,NORMAL
T000423,A00079,A00069,391.85,USD,2025-03-28T04:10:00,ACH,MOBILE,False,NORMAL
T000424,A00061,A00009,20470.55,USD,2025-06-09T10:05:00,WIRE,ONLINE,True,PASS_THROUGH
T000425,A00039,A00031,1025.67,USD,2025-03-20T12:04:00,ACH,BRANCH,False,NORMAL
T000426,A00070,A00005,2477.49,USD,2025-05-01T09:14:00,ACH,MOBILE,False,NORMAL
T000427,A00092,A00075,1965.54,USD,2025-09-19T14:08:00,PAYMENT,ONLINE,False,NORMAL
T000428,A00045,A00053,1346.57,USD,2025-02-23T13:44:00,TRANSFER,BRANCH,False,NORMAL
T000429,A00051,A00011,1504.75,USD,2025-07-27T07:44:00,PAYMENT,MOBILE,False,NORMAL
T000430,A00089,A00039,2804.94,USD,2025-05-20T15:28:00,ACH,MOBILE,False,NORMAL
T000431,A00032,A00096,8922.31,USD,2025-03-07T16:38:00,DEPOSIT,BRANCH,True,STRUCTURING
